name,imo
ALBA SUN (ex EAGLE BEAUMONT),9111644
ARTAVIL,9187629
ARGO MARIS,9041643
ATHE NOVA,9188116
BITU OCEAN,9020443
888 (SHOKEI MARU NO.12),8971267
ADMIRAL 10 ex NOOR 1 ,8876974
AIDEN (ex. SIRIUS),9112650
AIYO,9115391
AL HOOT,8129084
AL HUSAM 21,8720852
ALBORZ (JYANE 1),9128831
ALI S,8520991
AMITIS,9168556
ANAHITA (NASEEB VII),9253961
ANAHITA 2,9138434
ANDIA,9159361
ANDIA 7,9191606
ANDIYA 1,9146223
ANNA ,9134438
ARAD 10,8926468
ARAT ex TENJIN MARU NO.8,9142356
ARGHVAN 97,9254290
ARGO MARIS,9041643
ARK 55,9063471
ARMITA 2 (NASEEB 5),9075187
ARSHAN(SHINEI MARU),9119763
ARTAM,8923806
ARTIMIS 12,8871792
ARTIMIS 13,9188207
ATAM,1022495
ATHE NOVA,9188116
ATOSA 03,1025148
ATOSA 04,1041647
AURUM (MARUSUMI MARU NO.11),8954532
BARFIN,9031911
BITU OCEAN,9020443
BLACK MAYA,9118800
BLUE OCEAN 1,9825441
BLUE SKY 4,9135030
BLUE STAR 3,9133147
BLUE STAR X,9934010
BONNIE I,9057094
BRAVE 3,8877758
DENIZ 5,9129639
DIAKO,9128960
DIAKO 1,9159220
DIAMOND (EX.NASEEB 3),9075175
DINA,8870619
DOLPHIN,9209881
DONYA 101,8991188
DSR (SHOKAKU),8974726
EDRIS,9084384
EIGHT OCEAN,9264013
ELIA,9826201
FAKHR Â 2,9589487
FAKHR 1 (SHARK52),9588639
FAKHR 3,9394868
FALCON,9109639
FERESHTEGAN,7529392
FOUR OCEAN (EX. OCEAN GALE),9324253
FREYA,7915759
GOLDEN HORIZON,1123457
GRAND FERRY,8003620
GULF KING(YONG DA 9),9100504
GULF MOON (FAOZ XI),7337268
HAMOON,8984903
HANA SOURO,7230707
HELMA,8925191
HELMA 1,9066241
HIVA DARYA,9415387
HOORMAND DARYA ,9062532
HOUT,9100619
HP 2(UCO III),7730874
ILDA,8923818
IRAJ,7108071
JAVID 2,9213519
JOMEIRAH 3,8216526
JOOD,8016859
JYANE 2,9770452
KAMAL,8889622
KAREN(HAKOU MARU NO.6),9063500
KASRA 1,8926339
KASRA 2,9124158
KASRA 3,9109184
KASRA 4,9118915
KONVOY GENOA,9104316
KYUSEISEN,1036458
RIMA (LADY ROSE),9169988
LIAN (EX.FALCON GULF),8503187
LIAN AMA (GELIBOLU),8611996
LIANA,9000390
LUSAIL 1 (LC AEIN),9770830
MAHOUR,7930539
MAKI,9233947
MANZAR 2 (WAKATAKA MARU),8965311
MARCO (HVA DARYA),7128356
MATAF SUPPORTER,8218122
MATYAR,9142344
MAYA 2,8731203
MILAN,9119787
MOHAMMAD,8889828
MORGAN,8980543
MOTAF,9159165
MOTAF 3,9181314
MOUJE DAYYER,9815836
NAMDAR,8890750
NAM-VAR,8859407
NASHWAN 1,9232838
NDL TWO )EX.HIRAD),8889830
NOOR 3,8889921
NOURA,9245548
NOVA (EX.ZAMIL 24),9269465
OCEAN LIGHT,8022236
OCEAN YOUNG ,8117499
OLGA ex SOTYU MARU,8904680
OMIDAN 3,9646962
ORKIDEH,8889543
PARMIS,9205445
PASARGAD  II,9047623
PETRO OCEAN,9292498
PERGAS,9588641
POLARIS,9885271
POLARIS 1 ,1074412
POLARIS 10 (EX. SAKURA),9057862
PSL FALCON,8921717
RADIN,8889892
RAMESH 12,8923533
ROSS (EX. BAHMAN III),9254185
ROSS 2 (EX. BAHMAN I),9254173
ROYAL (DENIZ),8202563
RULER (ALMAS),8864957
RYAN 1 (ROYAL 1),7529380
SAHAR,8697093
SAHEL POHL 1,8680595
SAMAR (AL QABIL) ,8520812
SAMARITAN 28,7625495
SAPRAMIN (EX VENIZ),9238492
SEA SHELL,9296016
SEA STAR 9,1074395
SELIN (NASEEB 1),9075163
SETARE SAHEL,1015105
SEVEN HUNDRED-1,8923894
SHAHAB,9088782
SHAHIN,9104378
SHAHIN 2 (MOTAF 1),8936372
SHAHIN 3,9078684
SHAHIN POHL,9615858
SHAHIN SALAKH ,8672976
SHAHIN SALAKH 3,9912464
SHAIMA,8922709
SHAIMA 2,9103415
SHAYAN,9058749
SHIRAZ,9157600
SKY NOOR(EX. TIGER),9001526
SPRING 1 ,8349684
STAR 1,8405012
SU GAS (EX SAANGI),9134361
TAKRO,8922905
TENERIFE 10,9160360
TENERIFE 11,9176400
TENERIFE 12,9203318
VARSH,8965141
VENIZ 1,9262247
VENUS (TWO OCEAN),9245536
VIYANA (DOHA II) ,7930527
YALDA,8870190
ZAMIL 23,9269453
ZULFQAR 10 (senaz),8503125
MARIDIVE 515,9536179
MK STAR,9153123
MEHRAB 2(TIAM),9166807
DARYA RAKSH 4,9396074
LC PRINCES,9971848
SHENG LU,9078335
DARYA RAKSH ,9565261
LAVIN,8923882
AMIR,7730654
CALISTA,9153135
TIANA,9001057
TARLAN,9141106
